2004,2005,2006,2007,2008,2017,2024
127,143.51,160.02,140.97,119.38,123.19,114.3
126,137.16,129.54,139.7,114.3,114.3,114.3
124.5,132.08,129,137.16,114.3,106.68,111.76
112.5,129,128,137,114.3,106.68,109.22
109.22,121.92,119.5,122.5,114.3,101.6,109.22
106.8,116.84,118,121.92,104.14,101.6,106.68
103.5,116.84,114,116.84,104.14,99.06,101.6
101.6,116.84,111.76,115.57,104.14,99.06,101.6
101.6,104.14,109.22,115.57,93.98,99.06,101.6
96.52,104.1,106.68,115,93.98,96.52,101.6
94,104.1,104.14,114.3,91.44,93.98,101.6
93.98,101.6,104.14,114.3,90.17,93.98,101.6
93.98,101.5,103,114,88.9,92.71,99.06
92,100,103,111.76,88.9,91.44,99.06
91.44,99,101.6,111.76,86.36,91.44,96.52
91.44,98.5,101,109.5,86.36,91.44,96.52
90.5,98,101,109.22,85.09,90.17,96.52
89,97,100,109.22,83.82,88.9,93.98
87.7,93,99.3,109.22,83.82,88.9,91.44
85,92.71,99.06,109.22,82.55,86.36,91.44
85,92.71,99.06,108,81.28,86.36,91.44
83.82,92,99.06,107.5,81.28,85.09,91.44
82.3,91.44,99.06,106.68,81.28,83.82,91.44
79.5,89.5,99.06,106.68,81.28,83.82,88.9
79.5,89,99,106.5,81.28,83.82,88.9
78.2,89,98.2,105.5,78.74,83.82,86.36
71.12,88.9,98,105,76.2,83.82,86.36
70,88,98,104.14,76.2,83.82,86.36
69,87,98,104.14,76.2,81.28,86.36
69,87,96.52,101.6,73.66,81.28,86.36
69,86.36,96.5,101.6,73.66,81.28,85.09
69,86.36,96,101.6,73.66,81.28,83.82
68.58,86.36,96,99.5,73.66,81.28,83.82
68,85,96,99.06,73.66,81,83.82
67,84.455,95.5,99.06,71.12,78.74,81.28
66.04,83.82,95,99.06,71.12,78.74,81.28
66,83,93.98,98.5,71.12,78.74,78.74
66,82.5,93.5,97.5,71.12,78.74,78.74
66,82.3,93,96.52,69.85,78.74,76.2
66,81.28,92.5,96.52,69.85,78.74,76.2
65,79,92,96.52,68.58,78.74,76.2
64,75,92,96.52,68.58,78.74,76.2
60,73.5,92,96.52,68.5,78.74,76.2
58,73,91.44,96.52,68,78.74,76.2
57.15,72.5,91,96.52,67.31,76.2,76.2
56,71.12,90.5,95.5,66.04,76.2,76.2
55,70.5,89,95,64,76.2,76.2
53,69.4,89,94,63.5,76.2,76.2
,69.2,88.9,93.98,63.5,76.2,76.2
,68.58,88.9,93.98,62.865,76.2,76.2
,68,88.9,93.98,59.69,76.2,76.2
,67.564,87,93.98,59.69,76.2,73.66
,67.31,86.36,93.98,58.42,76.2,73.66
,67,86,93.5,58.42,76.2,73.66
,65.5,83.82,93,58.42,76.2,73.66
,65,81.28,92.71,57.15,76.2,73.66
,62.5,81.28,91.5,50,76.2,73.66
,62.23,81.28,91.5,72,76.2,73.66
,62,81,91.44,85,76.2,71.12
,61,81,91.44,71,73.66,71.12
,61,80,91.44,72,73.66,71.12
,60.96,80,91.44,74,73.66,71.12
,60.96,80,91,84,73.66,71.12
,60.96,80,90,78,73.66,71.12
,60.96,80,88.9,107,73.66,71.12
,58.42,78.74,88.9,77,73.66,71.12
,58,78.74,88.9,84,73.66,71.12
,58,77,88.9,79,73.66,71.12
,57.5,76.2,88.9,76,73.66,68.58
,57.15,76.2,88.9,79,73.66,66.04
,56.5,76.2,88.8,78,73.66,66.04
,56,76.2,87,114,73.66,66.04
,56,76,86.5,99,73.66,66.04
,55.88,76,86.5,43,72.39,63.5
,55.88,76,86.5,34,72.39,63.5
,55.88,74,86.36,,71.12,63.5
,55.88,73.66,86.36,,71.12,63.5
,55.5,73.66,86.36,,71.12,60.96
,54.61,73.66,86.36,,71.12,60.96
,54.61,73.66,86.36,,71.12,60.96
,53.5,73.66,86,,71.12,58.42
,53.34,72,85,,71.12,58.42
,53.34,72,83.82,,71.12,55.88
,53.34,71.12,83.82,,71.12,55.88
,53,71,83.82,,71,53.34
,52,70,83.5,,71,53.34
,51,70,83,,69.85,53.34
,50.8,70,82,,68.58,50.8
,50.8,70,81.28,,68.58,50.8
,50.5,70,81.28,,68.58,50.8
,49,70,81.28,,68.58,45.72
,49,70,81.28,,68.58,45.72
,48.26,69.85,81.28,,68.58,45.72
,46.99,69.5,81.28,,68.58,43.18
,46,68.58,81.28,,68.58,43.18
,43,68.58,81.28,,68.58,43.18
,41,68.5,81,,68.58,40.64
,40,68,80,,68.58,40.64
,,68,79.8,,68.58,38.1
,,67,79.6,,68.58,38.1
,,66.5,78.74,,67.31,35.56
,,66.04,78.74,,67,30.48
,,66.04,78.74,,67,27.94
,,66,78.74,,66.04,
,,66,78.74,,66.04,
,,65.5,78,,66.04,
,,65,78,,66.04,
,,65,77.47,,66.04,
,,65,77.47,,66.04,
,,65,76.5,,66,
,,64,76.2,,66,
,,64,76.2,,63.5,
,,64,76.2,,63.5,
,,63.5,76.2,,63.5,
,,63,76.2,,63.5,
,,62,76.2,,63.5,
,,62,76.2,,63.5,
,,61,75.5,,63.5,
,,60.96,74.93,,62.5,
,,60.96,73.66,,62.23,
,,60.96,73.66,,62.23,
,,60.96,73.66,,62.23,
,,60.5,73,,62,
,,60,73,,62,
,,60,72.2,,62,
,,60,71.12,,60.96,
,,60,71.12,,60.96,
,,59.5,71.12,,60.96,
,,59,71.12,,60.96,
,,58,71.12,,60.96,
,,58,71,,60.96,
,,58,70,,60.96,
,,58,70,,60.96,
,,57,69.85,,60.96,
,,57,69.85,,60.96,
,,56,69.85,,60.96,
,,55.88,69.5,,60.96,
,,55.88,69.3,,60.96,
,,55,69.215,,60.96,
,,55,69,,60.96,
,,55,69,,59,
,,55,69,,58.42,
,,55,68.58,,58.42,
,,54.61,68.58,,58.42,
,,53.34,68.58,,58.42,
,,53,68.58,,55.88,
,,52,68.58,,55.88,
,,52,68.58,,55.88,
,,50.8,68.58,,55.88,
,,50,68.58,,55.88,
,,50,68.58,,55.88,
,,50,68.5,,55.88,
,,45,66.04,,55.88,
,,42,66.04,,53.34,
,,42,66.04,,53.34,
,,,66.04,,53.34,
,,,66.04,,53.34,
,,,66.04,,49.53,
,,,66.04,,49.53,
,,,66.04,,48.26,
,,,66.04,,48.26,
,,,66.04,,48,
,,,66.04,,45.72,
,,,66.04,,45.72,
,,,66.04,,43.18,
,,,66,,43.18,
,,,66,,40.64,
,,,66,,39.37,
,,,65,,38.1,
,,,65,,38.1,
,,,64.77,,30.48,
,,,64.77,,30,
,,,64.6,,27.94,
,,,64,,20.32,
,,,64,,,
,,,63.5,,,
,,,63.5,,,
,,,63.5,,,
,,,63.5,,,
,,,63.5,,,
,,,63.5,,,
,,,63.5,,,
,,,63.5,,,
,,,63.5,,,
,,,63.5,,,
,,,63.5,,,
,,,63,,,
,,,63,,,
,,,61.5,,,
,,,61.5,,,
,,,60.96,,,
,,,60.96,,,
,,,60.96,,,
,,,60.96,,,
,,,60.96,,,
,,,60.96,,,
,,,60.96,,,
,,,60.96,,,
,,,60.96,,,
,,,60.96,,,
,,,60,,,
,,,59.69,,,
,,,59.69,,,
,,,59.5,,,
,,,59.5,,,
,,,58.42,,,
,,,58.42,,,
,,,58.42,,,
,,,58.42,,,
,,,58.42,,,
,,,58.42,,,
,,,58.42,,,
,,,58.42,,,
,,,58,,,
,,,58,,,
,,,57.5,,,
,,,57.15,,,
,,,57,,,
,,,56,,,
,,,55.88,,,
,,,55.88,,,
,,,55.88,,,
,,,55.88,,,
,,,55,,,
,,,53.34,,,
,,,53.34,,,
,,,53.34,,,
,,,53.34,,,
,,,53.34,,,
,,,53,,,
,,,52.07,,,
,,,51.5,,,
,,,50.8,,,
,,,50.8,,,
,,,50.8,,,
,,,49.53,,,
,,,49.53,,,
,,,48.26,,,
,,,48.26,,,
,,,47.5,,,
,,,43.18,,,
,,,43.18,,,
,,,41,,,
