2004,2005,2006,2007,2008,2016.5,2022
127,143.51,160.02,140.97,119.38,35.5,71.1
126,137.16,129.54,139.7,114.3,39.0,101.6
124.5,132.08,129,137.16,114.3,42,73.7
112.5,129,128,137,114.3,46.0,81.3
109.22,121.92,119.5,122.5,114.3,46.1,128.3
106.8,116.84,118,121.92,104.14,47.0,73.7
103.5,116.84,114,116.84,104.14,51.5,78.7
101.6,116.84,111.76,115.57,104.14,52.5,44.5
101.6,104.14,109.22,115.57,93.98,53.0,78.7
96.52,104.1,106.68,115,93.98,55.5,99.1
94,104.1,104.14,114.3,91.44,56.0,35.3
93.98,101.6,104.14,114.3,90.17,61.0,38.1
93.98,101.5,103,114,88.9,61.0,73.7
92,100,103,111.76,88.9,61.5,78.7
91.44,99,101.6,111.76,86.36,62.0,76.2
91.44,98.5,101,109.5,86.36,62.5,76.2
90.5,98,101,109.22,85.09,62.5,94.0
89,97,100,109.22,83.82,63.0,94.0
87.7,93,99.3,109.22,83.82,63.0,106.7
85,92.71,99.06,109.22,82.55,64.0,94.0
85,92.71,99.06,108,81.28,68.0,83.8
83.82,92,99.06,107.5,81.28,71.0,86.4
82.3,91.44,99.06,106.68,81.28,75.0,
79.5,89.5,99.06,106.68,81.28,76.0,
79.5,89,99,106.5,81.28,76,
78.2,89,98.2,105.5,78.74,78.0,
71.12,88.9,98,105,76.2,86.0,
70,88,98,104.14,76.2,86,
69,87,98,104.14,76.2,87.0,
69,87,96.52,101.6,73.66,88.0,
69,86.36,96.5,101.6,73.66,89.0,
69,86.36,96,101.6,73.66,91.0,
68.58,86.36,96,99.5,73.66,100.0,
68,85,96,99.06,73.66,66.0,
67,84.455,95.5,99.06,71.12,,
66.04,83.82,95,99.06,71.12,,
66,83,93.98,98.5,71.12,,
66,82.5,93.5,97.5,71.12,,
66,82.3,93,96.52,69.85,,
66,81.28,92.5,96.52,69.85,,
65,79,92,96.52,68.58,,
64,75,92,96.52,68.58,,
60,73.5,92,96.52,68.5,,
58,73,91.44,96.52,68,,
57.15,72.5,91,96.52,67.31,,
56,71.12,90.5,95.5,66.04,,
55,70.5,89,95,64,,
53,69.4,89,94,63.5,,
,69.2,88.9,93.98,63.5,,
,68.58,88.9,93.98,62.865,,
,68,88.9,93.98,59.69,,
,67.564,87,93.98,59.69,,
,67.31,86.36,93.98,58.42,,
,67,86,93.5,58.42,,
,65.5,83.82,93,58.42,,
,65,81.28,92.71,57.15,,
,62.5,81.28,91.5,50,,
,62.23,81.28,91.5,72,,
,62,81,91.44,85,,
,61,81,91.44,71,,
,61,80,91.44,72,,
,60.96,80,91.44,74,,
,60.96,80,91,84,,
,60.96,80,90,78,,
,60.96,80,88.9,107,,
,58.42,78.74,88.9,77,,
,58,78.74,88.9,84,,
,58,77,88.9,79,,
,57.5,76.2,88.9,76,,
,57.15,76.2,88.9,79,,
,56.5,76.2,88.8,78,,
,56,76.2,87,114,,
,56,76,86.5,99,,
,55.88,76,86.5,43,,
,55.88,76,86.5,34,,
,55.88,74,86.36,,,
,55.88,73.66,86.36,,,
,55.5,73.66,86.36,,,
,54.61,73.66,86.36,,,
,54.61,73.66,86.36,,,
,53.5,73.66,86,,,
,53.34,72,85,,,
,53.34,72,83.82,,,
,53.34,71.12,83.82,,,
,53,71,83.82,,,
,52,70,83.5,,,
,51,70,83,,,
,50.8,70,82,,,
,50.8,70,81.28,,,
,50.5,70,81.28,,,
,49,70,81.28,,,
,49,70,81.28,,,
,48.26,69.85,81.28,,,
,46.99,69.5,81.28,,,
,46,68.58,81.28,,,
,43,68.58,81.28,,,
,41,68.5,81,,,
,40,68,80,,,
,,68,79.8,,,
,,67,79.6,,,
,,66.5,78.74,,,
,,66.04,78.74,,,
,,66.04,78.74,,,
,,66,78.74,,,
,,66,78.74,,,
,,65.5,78,,,
,,65,78,,,
,,65,77.47,,,
,,65,77.47,,,
,,65,76.5,,,
,,64,76.2,,,
,,64,76.2,,,
,,64,76.2,,,
,,63.5,76.2,,,
,,63,76.2,,,
,,62,76.2,,,
,,62,76.2,,,
,,61,75.5,,,
,,60.96,74.93,,,
,,60.96,73.66,,,
,,60.96,73.66,,,
,,60.96,73.66,,,
,,60.5,73,,,
,,60,73,,,
,,60,72.2,,,
,,60,71.12,,,
,,60,71.12,,,
,,59.5,71.12,,,
,,59,71.12,,,
,,58,71.12,,,
,,58,71,,,
,,58,70,,,
,,58,70,,,
,,57,69.85,,,
,,57,69.85,,,
,,56,69.85,,,
,,55.88,69.5,,,
,,55.88,69.3,,,
,,55,69.215,,,
,,55,69,,,
,,55,69,,,
,,55,69,,,
,,55,68.58,,,
,,54.61,68.58,,,
,,53.34,68.58,,,
,,53,68.58,,,
,,52,68.58,,,
,,52,68.58,,,
,,50.8,68.58,,,
,,50,68.58,,,
,,50,68.58,,,
,,50,68.5,,,
,,45,66.04,,,
,,42,66.04,,,
,,42,66.04,,,
,,,66.04,,,
,,,66.04,,,
,,,66.04,,,
,,,66.04,,,
,,,66.04,,,
,,,66.04,,,
,,,66.04,,,
,,,66.04,,,
,,,66.04,,,
,,,66.04,,,
,,,66,,,
,,,66,,,
,,,66,,,
,,,65,,,
,,,65,,,
,,,64.77,,,
,,,64.77,,,
,,,64.6,,,
,,,64,,,
,,,64,,,
,,,63.5,,,
,,,63.5,,,
,,,63.5,,,
,,,63.5,,,
,,,63.5,,,
,,,63.5,,,
,,,63.5,,,
,,,63.5,,,
,,,63.5,,,
,,,63.5,,,
,,,63.5,,,
,,,63,,,
,,,63,,,
,,,61.5,,,
,,,61.5,,,
,,,60.96,,,
,,,60.96,,,
,,,60.96,,,
,,,60.96,,,
,,,60.96,,,
,,,60.96,,,
,,,60.96,,,
,,,60.96,,,
,,,60.96,,,
,,,60.96,,,
,,,60,,,
,,,59.69,,,
,,,59.69,,,
,,,59.5,,,
,,,59.5,,,
,,,58.42,,,
,,,58.42,,,
,,,58.42,,,
,,,58.42,,,
,,,58.42,,,
,,,58.42,,,
,,,58.42,,,
,,,58.42,,,
,,,58,,,
,,,58,,,
,,,57.5,,,
,,,57.15,,,
,,,57,,,
,,,56,,,
,,,55.88,,,
,,,55.88,,,
,,,55.88,,,
,,,55.88,,,
,,,55,,,
,,,53.34,,,
,,,53.34,,,
,,,53.34,,,
,,,53.34,,,
,,,53.34,,,
,,,53,,,
,,,52.07,,,
,,,51.5,,,
,,,50.8,,,
,,,50.8,,,
,,,50.8,,,
,,,49.53,,,
,,,49.53,,,
,,,48.26,,,
,,,48.26,,,
,,,47.5,,,
,,,43.18,,,
,,,43.18,,,
,,,41,,,
